state,level
AAAAA,-0.3351
AAAAT,-0.9528
AAAAC,-0.9022
AAAAG,-0.4418
AAATA,-0.5998
AAATT,-1.4014
AAATC,-1.0341
AAATG,-0.7977
AAACA,-0.1722
AAACT,-0.4632
AAACC,-0.3687
AAACG,-0.2660
AAAGA,-0.5100
AAAGT,-0.9210
AAAGC,-0.7846
AAAGG,-0.5253
AATAA,1.3616
AATAT,1.1969
AATAC,1.1164
AATAG,1.2454
AATTA,1.0769
AATTT,0.4461
AATTC,0.7469
AATTG,0.9105
AATCA,1.9686
AATCT,1.9234
AATCC,1.9350
AATCG,1.9494
AATGA,1.1712
AATGT,1.3586
AATGC,1.2180
AATGG,1.2590
AACAA,1.1165
AACAT,0.5579
AACAC,0.6254
AACAG,0.9328
AACTA,0.6626
AACTT,-0.1681
AACTC,0.2019
AACTG,0.4400
AACCA,1.1374
AACCT,0.8267
AACCC,0.9437
AACCG,1.0447
AACGA,0.7673
AACGT,0.4961
AACGC,0.5643
AACGG,0.7741
AAGAA,-0.8183
AAGAT,-1.5072
AAGAC,-1.4633
AAGAG,-0.9120
AAGTA,-1.0692
AAGTT,-1.9270
AAGTC,-1.5295
AAGTG,-1.3526
AAGCA,-0.2931
AAGCT,-0.6430
AAGCC,-0.5139
AAGCG,-0.4464
AAGGA,-0.9388
AAGGT,-1.2972
AAGGC,-1.1933
AAGGG,-0.8687
ATAAA,0.0892
ATAAT,-0.5312
ATAAC,-0.4618
ATAAG,0.0120
ATATA,-0.1523
ATATT,-0.8508
ATATC,-0.4671
ATATG,-0.3170
ATACA,0.2339
ATACT,-0.0335
ATACC,0.0682
ATACG,0.1607
ATAGA,-0.0909
ATAGT,-0.5007
ATAGC,-0.3578
ATAGG,-0.0873
ATTAA,1.0133
ATTAT,0.7281
ATTAC,0.7201
ATTAG,0.9054
ATTTA,0.6380
ATTTT,0.0934
ATTTC,0.3680
ATTTG,0.5133
ATTCA,1.3270
ATTCT,1.2298
ATTCC,1.2483
ATTCG,1.2944
ATTGA,0.7699
ATTGT,0.7819
ATTGC,0.7165
ATTGG,0.8265
ATCAA,0.8622
ATCAT,0.3289
ATCAC,0.4517
ATCAG,0.7433
ATCTA,0.4334
ATCTT,-0.2595
ATCTC,0.1040
ATCTG,0.2733
ATCCA,0.7901
ATCCT,0.5008
ATCCC,0.6094
ATCCG,0.7099
ATCGA,0.5678
ATCGT,0.2344
ATCGC,0.3600
ATCGG,0.5936
ATGAA,-0.3642
ATGAT,-1.0228
ATGAC,-0.9689
ATGAG,-0.3935
ATGTA,-0.4390
ATGTT,-1.1556
ATGTC,-0.7693
ATGTG,-0.6426
ATGCA,0.0827
ATGCT,-0.2185
ATGCC,-0.0892
ATGCG,-0.0189
ATGGA,-0.2638
ATGGT,-0.6003
ATGGC,-0.4932
ATGGG,-0.1686
ACAAA,0.0356
ACAAT,-0.6354
ACAAC,-0.5243
ACAAG,-0.0560
ACATA,-0.2354
ACATT,-1.0800
ACATC,-0.6541
ACATG,-0.4316
ACACA,0.2233
ACACT,-0.0958
ACACC,0.0555
ACACG,0.1370
ACAGA,-0.3240
ACAGT,-0.7879
ACAGC,-0.5689
ACAGG,-0.2993
ACTAA,1.2023
ACTAT,0.9800
ACTAC,0.9579
ACTAG,1.0755
ACTTA,0.8015
ACTTT,0.2024
ACTTC,0.4908
ACTTG,0.6442
ACTCA,1.6017
ACTCT,1.5131
ACTCC,1.5468
ACTCG,1.5705
ACTGA,0.8990
ACTGT,0.9507
ACTGC,0.8948
ACTGG,0.9729
ACCAA,0.8300
ACCAT,0.2621
ACCAC,0.3840
ACCAG,0.6742
ACCTA,0.3933
ACCTT,-0.3785
ACCTC,-0.0007
ACCTG,0.2019
ACCCA,0.7919
ACCCT,0.4627
ACCCC,0.5953
ACCCG,0.7071
ACCGA,0.4389
ACCGT,0.0769
ACCGC,0.2281
ACCGG,0.4531
ACGAA,-0.4748
ACGAT,-1.1909
ACGAC,-1.1070
ACGAG,-0.5537
ACGTA,-0.7878
ACGTT,-1.6449
ACGTC,-1.2148
ACGTG,-1.0476
ACGCA,-0.0934
ACGCT,-0.4655
ACGCC,-0.2993
ACGCG,-0.2390
ACGGA,-0.5977
ACGGT,-1.0082
ACGGC,-0.8324
ACGGG,-0.5046
AGAAA,-0.7785
AGAAT,-1.4420
AGAAC,-1.4273
AGAAG,-0.9029
AGATA,-0.9018
AGATT,-1.6658
AGATC,-1.3425
AGATG,-1.1078
AGACA,-0.4134
AGACT,-0.6964
AGACC,-0.6288
AGACG,-0.5196
AGAGA,-0.8216
AGAGT,-1.2474
AGAGC,-1.1726
AGAGG,-0.8303
AGTAA,1.0551
AGTAT,0.8417
AGTAC,0.7254
AGTAG,0.9207
AGTTA,0.8073
AGTTT,0.1768
AGTTC,0.4505
AGTTG,0.6378
AGTCA,1.7043
AGTCT,1.6257
AGTCC,1.6255
AGTCG,1.6587
AGTGA,0.9103
AGTGT,1.0663
AGTGC,0.8998
AGTGG,1.0102
AGCAA,0.9470
AGCAT,0.3670
AGCAC,0.4140
AGCAG,0.7541
AGCTA,0.5321
AGCTT,-0.2949
AGCTC,0.0524
AGCTG,0.3092
AGCCA,1.0238
AGCCT,0.7088
AGCCC,0.8087
AGCCG,0.9211
AGCGA,0.6391
AGCGT,0.3377
AGCGC,0.3770
AGCGG,0.6510
AGGAA,-1.2896
AGGAT,-1.9847
AGGAC,-1.9880
AGGAG,-1.3852
AGGTA,-1.3115
AGGTT,-2.1112
AGGTC,-1.7624
AGGTG,-1.5728
AGGCA,-0.5106
AGGCT,-0.8437
AGGCC,-0.7493
AGGCG,-0.6435
AGGGA,-1.1934
AGGGT,-1.5555
AGGGC,-1.5182
AGGGG,-1.1091
TAAAA,-0.2064
TAAAT,-0.8589
TAAAC,-0.7991
TAAAG,-0.3209
TAATA,-0.4951
TAATT,-1.3254
TAATC,-0.9436
TAATG,-0.7034
TAACA,-0.0135
TAACT,-0.3278
TAACC,-0.2226
TAACG,-0.1091
TAAGA,-0.3715
TAAGT,-0.8106
TAAGC,-0.6742
TAAGG,-0.3917
TATAA,1.3218
TATAT,1.1477
TATAC,1.0698
TATAG,1.2069
TATTA,1.0347
TATTT,0.3951
TATTC,0.6976
TATTG,0.8788
TATCA,1.9286
TATCT,1.8807
TATCC,1.8916
TATCG,1.9150
TATGA,1.0984
TATGT,1.2726
TATGC,1.1362
TATGG,1.1896
TACAA,1.0306
TACAT,0.4484
TACAC,0.5222
TACAG,0.8321
TACTA,0.5667
TACTT,-0.2732
TACTC,0.1026
TACTG,0.3452
TACCA,1.0332
TACCT,0.7183
TACCC,0.8312
TACCG,0.9360
TACGA,0.6631
TACGT,0.3669
TACGC,0.4304
TACGG,0.6538
TAGAA,-0.7785
TAGAT,-1.5020
TAGAC,-1.4454
TAGAG,-0.8709
TAGTA,-1.0178
TAGTT,-1.8889
TAGTC,-1.4750
TAGTG,-1.3017
TAGCA,-0.2477
TAGCT,-0.6352
TAGCC,-0.5074
TAGCG,-0.4219
TAGGA,-0.8628
TAGGT,-1.2599
TAGGC,-1.1535
TAGGG,-0.8078
TTAAA,0.0487
TTAAT,-0.5840
TTAAC,-0.5090
TTAAG,-0.0447
TTATA,-0.2147
TTATT,-0.9309
TTATC,-0.5482
TTATG,-0.4009
TTACA,0.1932
TTACT,-0.0751
TTACC,0.0256
TTACG,0.1081
TTAGA,-0.1597
TTAGT,-0.5682
TTAGC,-0.4260
TTAGG,-0.1578
TTTAA,0.9090
TTTAT,0.6586
TTTAC,0.6353
TTTAG,0.7944
TTTTA,0.5182
TTTTT,-0.0146
TTTTC,0.2516
TTTTG,0.3851
TTTCA,1.2344
TTTCT,1.1520
TTTCC,1.1599
TTTCG,1.1946
TTTGA,0.6622
TTTGT,0.6795
TTTGC,0.6031
TTTGG,0.7138
TTCAA,0.7119
TTCAT,0.1972
TTCAC,0.3218
TTCAG,0.5834
TTCTA,0.2927
TTCTT,-0.4036
TTCTC,-0.0485
TTCTG,0.1173
TTCCA,0.6563
TTCCT,0.3719
TTCCC,0.4722
TTCCG,0.5700
TTCGA,0.4180
TTCGT,0.0855
TTCGC,0.2099
TTCGG,0.4480
TTGAA,-0.4987
TTGAT,-1.1514
TTGAC,-1.0872
TTGAG,-0.5387
TTGTA,-0.5847
TTGTT,-1.3066
TTGTC,-0.9127
TTGTG,-0.7993
TTGCA,-0.0489
TTGCT,-0.3542
TTGCC,-0.2296
TTGCG,-0.1644
TTGGA,-0.4101
TTGGT,-0.7414
TTGGC,-0.6304
TTGGG,-0.3145
TCAAA,-0.0267
TCAAT,-0.6934
TCAAC,-0.5796
TCAAG,-0.1236
TCATA,-0.2937
TCATT,-1.1428
TCATC,-0.7074
TCATG,-0.5056
TCACA,0.1651
TCACT,-0.1562
TCACC,-0.0037
TCACG,0.0649
TCAGA,-0.3780
TCAGT,-0.8321
TCAGC,-0.6164
TCAGG,-0.3555
TCTAA,1.2002
TCTAT,0.9949
TCTAC,0.9711
TCTAG,1.0743
TCTTA,0.8017
TCTTT,0.1997
TCTTC,0.4897
TCTTG,0.6433
TCTCA,1.6041
TCTCT,1.5302
TCTCC,1.5556
TCTCG,1.5784
TCTGA,0.9085
TCTGT,0.9510
TCTGC,0.8918
TCTGG,0.9724
TCCAA,0.7466
TCCAT,0.1915
TCCAC,0.3166
TCCAG,0.5796
TCCTA,0.3374
TCCTT,-0.4263
TCCTC,-0.0512
TCCTG,0.1324
TCCCA,0.7351
TCCCT,0.4118
TCCCC,0.5348
TCCCG,0.6376
TCCGA,0.3610
TCCGT,-0.0007
TCCGC,0.1583
TCCGG,0.3596
TCGAA,-0.5724
TCGAT,-1.2592
TCGAC,-1.1610
TCGAG,-0.6337
TCGTA,-0.8673
TCGTT,-1.7100
TCGTC,-1.2692
TCGTG,-1.1178
TCGCA,-0.1867
TCGCT,-0.5483
TCGCC,-0.3848
TCGCG,-0.3351
TCGGA,-0.6617
TCGGT,-1.0541
TCGGC,-0.8780
TCGGG,-0.5537
TGAAA,-0.8667
TGAAT,-1.5550
TGAAC,-1.5240
TGAAG,-0.9911
TGATA,-1.0019
TGATT,-1.7776
TGATC,-1.4310
TGATG,-1.2142
TGACA,-0.4840
TGACT,-0.7730
TGACC,-0.7002
TGACG,-0.5950
TGAGA,-0.8662
TGAGT,-1.3028
TGAGC,-1.2267
TGAGG,-0.8787
TGTAA,0.9298
TGTAT,0.7134
TGTAC,0.6041
TGTAG,0.8030
TGTTA,0.6832
TGTTT,0.0504
TGTTC,0.3373
TGTTG,0.5115
TGTCA,1.5846
TGTCT,1.4988
TGTCC,1.5109
TGTCG,1.5350
TGTGA,0.7927
TGTGT,0.9336
TGTGC,0.7789
TGTGG,0.8862
TGCAA,0.8041
TGCAT,0.2127
TGCAC,0.2769
TGCAG,0.6050
TGCTA,0.4113
TGCTT,-0.4201
TGCTC,-0.0569
TGCTG,0.1917
TGCCA,0.8900
TGCCT,0.5706
TGCCC,0.6762
TGCCG,0.7882
TGCGA,0.4956
TGCGT,0.1817
TGCGC,0.2291
TGCGG,0.5056
TGGAA,-1.2674
TGGAT,-1.9832
TGGAC,-1.9539
TGGAG,-1.3587
TGGTA,-1.2571
TGGTT,-2.0633
TGGTC,-1.6878
TGGTG,-1.5166
TGGCA,-0.4842
TGGCT,-0.8489
TGGCC,-0.7462
TGGCG,-0.6375
TGGGA,-1.1238
TGGGT,-1.4990
TGGGC,-1.4346
TGGGG,-1.0411
CAAAA,-0.3302
CAAAT,-0.9797
CAAAC,-0.9135
CAAAG,-0.4350
CAATA,-0.5918
CAATT,-1.4139
CAATC,-1.0386
CAATG,-0.7999
CAACA,-0.1276
CAACT,-0.4311
CAACC,-0.3307
CAACG,-0.2215
CAAGA,-0.5048
CAAGT,-0.9491
CAAGC,-0.8025
CAAGG,-0.5238
CATAA,1.1769
CATAT,1.0049
CATAC,0.9047
CATAG,1.0547
CATTA,0.8971
CATTT,0.2565
CATTC,0.5582
CATTG,0.7263
CATCA,1.8399
CATCT,1.7969
CATCC,1.7933
CATCG,1.8155
CATGA,0.9560
CATGT,1.1321
CATGC,0.9803
CATGG,1.0491
CACAA,1.0304
CACAT,0.4521
CACAC,0.5073
CACAG,0.8356
CACTA,0.5829
CACTT,-0.2709
CACTC,0.1013
CACTG,0.3593
CACCA,1.0802
CACCT,0.7522
CACCC,0.8616
CACCG,0.9721
CACGA,0.6524
CACGT,0.3353
CACGC,0.4156
CACGG,0.6432
CAGAA,-0.8877
CAGAT,-1.5994
CAGAC,-1.5426
CAGAG,-0.9838
CAGTA,-1.0958
CAGTT,-1.9604
CAGTC,-1.5532
CAGTG,-1.3775
CAGCA,-0.3061
CAGCT,-0.6793
CAGCC,-0.5413
CAGCG,-0.4674
CAGGA,-0.9930
CAGGT,-1.3767
CAGGC,-1.2630
CAGGG,-0.9214
CTAAA,0.1263
CTAAT,-0.4972
CTAAC,-0.4197
CTAAG,0.0483
CTATA,-0.1052
CTATT,-0.7988
CTATC,-0.4099
CTATG,-0.2780
CTACA,0.2907
CTACT,0.0344
CTACC,0.1370
CTACG,0.2136
CTAGA,-0.0757
CTAGT,-0.4779
CTAGC,-0.3299
CTAGG,-0.0638
CTTAA,0.9280
CTTAT,0.6661
CTTAC,0.6293
CTTAG,0.8046
CTTTA,0.5488
CTTTT,0.0205
CTTTC,0.2838
CTTTG,0.4060
CTTCA,1.2533
CTTCT,1.1806
CTTCC,1.1745
CTTCG,1.2135
CTTGA,0.6642
CTTGT,0.6895
CTTGC,0.6024
CTTGG,0.7141
CTCAA,0.8234
CTCAT,0.3257
CTCAC,0.4339
CTCAG,0.7010
CTCTA,0.4205
CTCTT,-0.2566
CTCTC,0.0940
CTCTG,0.2503
CTCCA,0.7628
CTCCT,0.4949
CTCCC,0.5904
CTCCG,0.6786
CTCGA,0.5187
CTCGT,0.1931
CTCGC,0.3261
CTCGG,0.5452
CTGAA,-0.4267
CTGAT,-1.0800
CTGAC,-1.0199
CTGAG,-0.4657
CTGTA,-0.4678
CTGTT,-1.1768
CTGTC,-0.7900
CTGTG,-0.6751
CTGCA,0.0478
CTGCT,-0.2478
CTGCC,-0.1194
CTGCG,-0.0586
CTGGA,-0.3473
CTGGT,-0.6753
CTGGC,-0.5595
CTGGG,-0.2346
CCAAA,0.0278
CCAAT,-0.6459
CCAAC,-0.5319
CCAAG,-0.0563
CCATA,-0.2275
CCATT,-1.0798
CCATC,-0.6481
CCATG,-0.4327
CCACA,0.2735
CCACT,-0.0501
CCACC,0.1008
CCACG,0.1875
CCAGA,-0.3175
CCAGT,-0.7788
CCAGC,-0.5569
CCAGG,-0.2829
CCTAA,1.3486
CCTAT,1.1334
CCTAC,1.1085
CCTAG,1.2154
CCTTA,0.9544
CCTTT,0.3436
CCTTC,0.6359
CCTTG,0.7864
CCTCA,1.7741
CCTCT,1.6973
CCTCC,1.7215
CCTCG,1.7494
CCTGA,1.0506
CCTGT,1.0913
CCTGC,1.0358
CCTGG,1.1181
CCCAA,0.9070
CCCAT,0.3517
CCCAC,0.4647
CCCAG,0.7439
CCCTA,0.4735
CCCTT,-0.2912
CCCTC,0.0803
CCCTG,0.2749
CCCCA,0.8846
CCCCT,0.5735
CCCCC,0.6972
CCCCG,0.8017
CCCGA,0.5010
CCCGT,0.1280
CCCGC,0.2960
CCCGG,0.5139
CCGAA,-0.5060
CCGAT,-1.2010
CCGAC,-1.1044
CCGAG,-0.5691
CCGTA,-0.7885
CCGTT,-1.6418
CCGTC,-1.2030
CCGTG,-1.0416
CCGCA,-0.0467
CCGCT,-0.4161
CCGCC,-0.2498
CCGCG,-0.1824
CCGGA,-0.6095
CCGGT,-1.0269
CCGGC,-0.8421
CCGGG,-0.5016
CGAAA,-0.7742
CGAAT,-1.4698
CGAAC,-1.4333
CGAAG,-0.8932
CGATA,-0.8983
CGATT,-1.6750
CGATC,-1.3376
CGATG,-1.1082
CGACA,-0.3509
CGACT,-0.6374
CGACC,-0.5633
CGACG,-0.4534
CGAGA,-0.8143
CGAGT,-1.2534
CGAGC,-1.1679
CGAGG,-0.8134
CGTAA,1.0408
CGTAT,0.8159
CGTAC,0.6990
CGTAG,0.9032
CGTTA,0.7983
CGTTT,0.1478
CGTTC,0.4377
CGTTG,0.6128
CGTCA,1.7384
CGTCT,1.6452
CGTCC,1.6526
CGTCG,1.6879
CGTGA,0.9134
CGTGT,1.0462
CGTGC,0.8846
CGTGG,1.0115
CGCAA,0.9998
CGCAT,0.4045
CGCAC,0.4518
CGCAG,0.7991
CGCTA,0.5815
CGCTT,-0.2707
CGCTC,0.0870
CGCTG,0.3584
CGCCA,1.1147
CGCCT,0.7804
CGCCC,0.8810
CGCCG,1.0094
CGCGA,0.6709
CGCGT,0.3327
CGCGC,0.3857
CGCGG,0.6811
CGGAA,-1.2817
CGGAT,-2.0038
CGGAC,-1.9781
CGGAG,-1.3829
CGGTA,-1.2554
CGGTT,-2.0710
CGGTC,-1.7041
CGGTG,-1.5155
CGGCA,-0.4143
CGGCT,-0.7754
CGGCC,-0.6693
CGGCG,-0.5535
CGGGA,-1.1726
CGGGT,-1.5503
CGGGC,-1.4933
CGGGG,-1.0738
GAAAA,-0.4524
GAAAT,-1.0676
GAAAC,-1.0315
GAAAG,-0.5728
GAATA,-0.6815
GAATT,-1.4702
GAATC,-1.1201
GAATG,-0.8870
GAACA,-0.2124
GAACT,-0.5074
GAACC,-0.4186
GAACG,-0.3160
GAAGA,-0.5924
GAAGT,-0.9999
GAAGC,-0.8788
GAAGG,-0.6089
GATAA,1.2867
GATAT,1.1111
GATAC,1.0202
GATAG,1.1698
GATTA,0.9942
GATTT,0.3828
GATTC,0.6671
GATTG,0.8294
GATCA,1.8689
GATCT,1.8305
GATCC,1.8238
GATCG,1.8419
GATGA,1.1050
GATGT,1.2876
GATGC,1.1410
GATGG,1.1925
GACAA,1.0271
GACAT,0.4504
GACAC,0.5210
GACAG,0.8379
GACTA,0.5868
GACTT,-0.2495
GACTC,0.1108
GACTG,0.3670
GACCA,1.0547
GACCT,0.7380
GACCC,0.8529
GACCG,0.9599
GACGA,0.6832
GACGT,0.3892
GACGC,0.4612
GACGG,0.6833
GAGAA,-0.9735
GAGAT,-1.6558
GAGAC,-1.6251
GAGAG,-1.0714
GAGTA,-1.1885
GAGTT,-2.0305
GAGTC,-1.6409
GAGTG,-1.4658
GAGCA,-0.3642
GAGCT,-0.7223
GAGCC,-0.6042
GAGCG,-0.5195
GAGGA,-1.0477
GAGGT,-1.4191
GAGGC,-1.3301
GAGGG,-0.9778
GTAAA,-0.0825
GTAAT,-0.7082
GTAAC,-0.6454
GTAAG,-0.1668
GTATA,-0.3163
GTATT,-1.0000
GTATC,-0.6357
GTATG,-0.4870
GTACA,0.0696
GTACT,-0.1834
GTACC,-0.0877
GTACG,-0.0053
GTAGA,-0.2366
GTAGT,-0.6461
GTAGC,-0.5067
GTAGG,-0.2315
GTTAA,0.8912
GTTAT,0.5919
GTTAC,0.5843
GTTAG,0.7782
GTTTA,0.4967
GTTTT,-0.0445
GTTTC,0.2288
GTTTG,0.3674
GTTCA,1.1862
GTTCT,1.0845
GTTCC,1.1031
GTTCG,1.1494
GTTGA,0.6515
GTTGT,0.6524
GTTGC,0.5863
GTTGG,0.7082
GTCAA,0.7106
GTCAT,0.1822
GTCAC,0.3045
GTCAG,0.5890
GTCTA,0.2988
GTCTT,-0.3965
GTCTC,-0.0313
GTCTG,0.1346
GTCCA,0.6606
GTCCT,0.3644
GTCCC,0.4804
GTCCG,0.5773
GTCGA,0.4262
GTCGT,0.0875
GTCGC,0.2122
GTCGG,0.4526
GTGAA,-0.5177
GTGAT,-1.1791
GTGAC,-1.1268
GTGAG,-0.5519
GTGTA,-0.5870
GTGTT,-1.2942
GTGTC,-0.9195
GTGTG,-0.7913
GTGCA,-0.0467
GTGCT,-0.3385
GTGCC,-0.2177
GTGCG,-0.1418
GTGGA,-0.3955
GTGGT,-0.7323
GTGGC,-0.6306
GTGGG,-0.2907
GCAAA,-0.0481
GCAAT,-0.7032
GCAAC,-0.6044
GCAAG,-0.1441
GCATA,-0.3132
GCATT,-1.1352
GCATC,-0.7229
GCATG,-0.5152
GCACA,0.1572
GCACT,-0.1507
GCACC,-0.0042
GCACG,0.0636
GCAGA,-0.3983
GCAGT,-0.8492
GCAGC,-0.6366
GCAGG,-0.3730
GCTAA,1.1308
GCTAT,0.9081
GCTAC,0.8799
GCTAG,1.0046
GCTTA,0.7382
GCTTT,0.1392
GCTTC,0.4268
GCTTG,0.5744
GCTCA,1.5221
GCTCT,1.4479
GCTCC,1.4686
GCTCG,1.4844
GCTGA,0.8353
GCTGT,0.8808
GCTGC,0.8178
GCTGG,0.9016
GCCAA,0.7706
GCCAT,0.2104
GCCAC,0.3332
GCCAG,0.6139
GCCTA,0.3496
GCCTT,-0.4255
GCCTC,-0.0558
GCCTG,0.1510
GCCCA,0.7444
GCCCT,0.4108
GCCCC,0.5382
GCCCG,0.6517
GCCGA,0.3866
GCCGT,0.0190
GCCGC,0.1727
GCCGG,0.3931
GCGAA,-0.5521
GCGAT,-1.2579
GCGAC,-1.1741
GCGAG,-0.6212
GCGTA,-0.8447
GCGTT,-1.6853
GCGTC,-1.2629
GCGTG,-1.0983
GCGCA,-0.1234
GCGCT,-0.5006
GCGCC,-0.3423
GCGCG,-0.2750
GCGGA,-0.6462
GCGGT,-1.0480
GCGGC,-0.8762
GCGGG,-0.5417
GGAAA,-1.0094
GGAAT,-1.6655
GGAAC,-1.6524
GGAAG,-1.1386
GGATA,-1.1187
GGATT,-1.8502
GGATC,-1.5388
GGATG,-1.3149
GGACA,-0.6190
GGACT,-0.8948
GGACC,-0.8348
GGACG,-0.7354
GGAGA,-1.0152
GGAGT,-1.4344
GGAGC,-1.3662
GGAGG,-1.0256
GGTAA,0.8549
GGTAT,0.6245
GGTAC,0.5134
GGTAG,0.7274
GGTTA,0.5843
GGTTT,-0.0312
GGTTC,0.2351
GGTTG,0.4153
GGTCA,1.4371
GGTCT,1.3686
GGTCC,1.3526
GGTCG,1.3872
GGTGA,0.7136
GGTGT,0.8563
GGTGC,0.6902
GGTGG,0.8089
GGCAA,0.7697
GGCAT,0.1897
GGCAC,0.2438
GGCAG,0.5731
GGCTA,0.3581
GGCTT,-0.4537
GGCTC,-0.1133
GGCTG,0.1403
GGCCA,0.8281
GGCCT,0.5186
GGCCC,0.6165
GGCCG,0.7215
GGCGA,0.4727
GGCGT,0.1626
GGCGC,0.2096
GGCGG,0.4844
GGGAA,-1.3964
GGGAT,-2.0804
GGGAC,-2.0735
GGGAG,-1.4890
GGGTA,-1.3897
GGGTT,-2.1624
GGGTC,-1.8145
GGGTG,-1.6382
GGGCA,-0.5881
GGGCT,-0.9115
GGGCC,-0.8264
GGGCG,-0.7221
GGGGA,-1.2672
GGGGT,-1.6223
GGGGC,-1.5746
GGGGG,-1.1778
